Keyword,Frequency
"slicermorph",98
"scans",84
"segmentation",64
"student",63
"models",63
"morphometrics",59
"course",53
"microct",46
"slicer",40
"analysis",40
"specimens",36
"data",35
"morphodepot",34
"sicb",30
"project",28
"extraction",28
"research",27
"study",24
"species",21
"morphology",21
"workflow",20
"candidate",20
"short",20
"researcher",19
"geometric",18
"photogrammetry",18
"postdoc",17
"learning",17
"undergraduate",17
"shape",15
"december",15
"fossil",14
"evolution",14
"vertebrae",14
"access",13
"human",13
"within",12
"scales",12
"run",11
"cloud",11
"different",11
"files",11
"computer",11
"surface",11
"variation",11
"fish",11
"family",11
"software",11
"bone",11
"large",10
"eye",10
"dental",10
"lab",10
"skulls",10
"structures",9
"various",9
"anatomical",9
"analyses",8
"see",8
"bones",8
"several",8
"looking",8
"com",8
"demo",8
"poacher",8
"morphological",8
"overlap",8
"usp",8
"landmarking",7
"ram",7
"complete",7
"practice",7
"across",7
"landmarks",7
"datasets",7
"hybrid",7
"name",7
"evolutionary",7
"dataset",7
"size",7
"armor",7
"sand",7
"lance",7
"estimate",7
"load",7
"related",7
"skull",6
"extension",6
"individual",6
"focus",6
"light",6
"images",6
"bird",6
"first",6
"description",6
"order",6
"taking",6
"performance",6
"fhl",6
"extant",6
"intend",6
"baccula",6
"phenotypic",6
"anatomy",6
"morphosource",6
"attend",6
"professor",6
"fishes",5
"cranial",5
"internal",5
"students",5
"deep-sea",5
"skeletal",5
"mammals",5
"digital",5
"generate",5
"especially",5
"changes",5
"identify",5
"based",5
"issues",5
"scanning",5
"alpaca",5
"requesting",5
"evaluate",5
"biology",5
"available",5
"apply",5
"projects",5
"volume",5
"brightness",5
"mineral",5
"density",5
"year",5
"next",5
"patterns",4
"part",4
"visualization",4
"application",4
"compare",4
"image",4
"tiff",4
"recently",4
"computing",4
"photophore",4
"start",4
"module",4
"approaches",4
"meshes",4
"better",4
"among",4
"dicect",4
"phenotype",4
"goal",4
"methods",4
"evaluating",4
"techniques",4
"individually",4
"week",4
"quantify",4
"primates",4
"personal",4
"glans",4
"penis",4
"mammalian",4
"taxa",4
"known",4
"aim",4
"comparative",4
"along",4
"individuals",4
"preserved",4
"soft",4
"tissue",4
"shark",4
"college",4
"phd",4
"scanned",4
"museum",4
"shell",4
"segmentations",4
"renderings",4
"meeting",4
"fracture",4
"doing",4
"automated",4
"primate",4
"enrolled",4
"masticatory",4
"explore",4
"landmark",4
"mandible",4
"micro",4
"pharyngeal",4
"tag",4
"paulo",4
"process",4
"warning",4
"profile",4
"parental",3
"locally",3
"landmark-based",3
"medical",3
"small",3
"roi",3
"cluster",3
"experience",3
"extremely",3
"observe",3
"necessary",3
"virtual",3
"classroom",3
"sharing",3
"build",3
"reconstruction",3
"morph",3
"crashing",3
"might",3
"space",3
"dentition",3
"genomic",3
"gpu",3
"pelvic",3
"mammal",3
"volumes",3
"collect",3
"semilandmarks",3
"efficiently",3
"information",3
"sea",3
"stars",3
"current",3
"continue",3
"mice",3
"quantitative",3
"fall",3
"genetic",3
"many",3
"life",3
"head",3
"inflorescences",3
"floral",3
"imaging",3
"tool",3
"mouse",3
"separate",3
"program",3
"extinct",3
"structure",3
"bony",3
"elements",3
"first-year",3
"biomechanics",3
"full",3
"doctoral",3
"integrate",3
"help",3
"resolution",3
"mineralization",3
"pipeline",3
"visualizing",3
"she",3
"share",3
"onto",3
"jaws",3
"scan",3
"fellow",3
"ready",3
"remotely",3
"dissertation",3
"quantifying",3
"measuring",3
"modalities",3
"computers",3
"require",3
"hope",3
"area",3
"remains",3
"starting",3
"doctorate",3
"dissection",3
"due",3
"assigned",3
"tyler",3
"imfeld",3
"email",3
"you",3
"interested",3
"master",3
"laptop",3
"intervertebral",3
"characteristics",3
"morphocloudworkflow",3
"morphometry",3
"dec",3
"tiffreaddirectory",3
"unknown",3
"field",3
"encountered",3
"trabecular",3
"architecture",3
"_betta_",2
"whether",2
"integration",2
"bettas",2
"potential",2
"previously",2
"conducting",2
"mandibles",2
"institution",2
"needs",2
"jetstream",2
"team",2
"thesis",2
"power",2
"tasks",2
"cover",2
"workshops",2
"collaboration",2
"platform",2
"works",2
"investigating",2
"bioluminescence",2
"shrimps",2
"eyeballs",2
"shrimp",2
"ocular",2
"organ",2
"appears",2
"shining",2
"labeling",2
"downstream",2
"ray",2
"tracing",2
"emitted",2
"interacts",2
"memory",2
"keeps",2
"parts",2
"still",2
"figure",2
"exactly",2
"thinking",2
"provide",2
"lmu",2
"de-identified",2
"partial",2
"cast",2
"gpa",2
"another",2
"least",2
"involve",2
"flightlessness",2
"birds",2
"traits",2
"analyzed",2
"old",2
"orthopedic",2
"resident",2
"fractures",2
"hip",2
"knee",2
"prostheses",2
"slicemorph",2
"focuses",2
"fossils",2
"specifically",2
"reconstruct",2
"resources",2
"multiple",2
"high-resolution",2
"requested",2
"processing",2
"understand",2
"variations",2
"set",2
"wolf",2
"developing",2
"utilize",2
"essential",2
"uwp",2
"structural",2
"anomalies",2
"xiphophorus",2
"stages",2
"asymmetry",2
"craniofacial",2
"approach",2
"solanaceae",2
"plants",2
"greater",2
"learned",2
"article",2
"open-source",2
"believe",2
"setup",2
"inflorescence",2
"development",2
"mannequin",2
"ran",2
"initially",2
"morphocloudinstances",2
"accuracy",2
"neuroanatomy",2
"class",2
"interactions",2
"recommended",2
"crab",2
"powerful",2
"enough",2
"participating",2
"marine",2
"relating",2
"damage",2
"scale",2
"body",2
"system",2
"creation",2
"describe",2
"ufmg",2
"members",2
"mammalia",2
"associates",2
"shown",2
"taxonomic",2
"functional",2
"significance",2
"fully",2
"evaluated",2
"contain",2
"ranging",2
"proportionally",2
"absent",2
"bacculum",2
"representatives",2
"genera",2
"thoroughly",2
"poorly",2
"understood",2
"element",2
"fly",2
"plasticity",2
"spadefoot",2
"usage",2
"primarily",2
"yet",2
"funded",2
"conicet",2
"fellowship",2
"explores",2
"dynamics",2
"lizard",2
"hybridize",2
"steppe",2
"ecotone",2
"differentiation",2
"photographing",2
"heads",2
"dorsal",2
"lateral",2
"ventral",2
"views",2
"far",2
"utility",2
"divergence",2
"natural",2
"zones",2
"hard",2
"keels",2
"dozens",2
"dentistry",2
"include",2
"debugging",2
"juiz",2
"fora",2
"copenhagen",2
"living",2
"micro-ct",2
"conduct",2
"assay",2
"giving",2
"reu",2
"feeding",2
"tutorial",2
"beaks",2
"teaching",2
"generalized",2
"procrustes",2
"holdfasts",2
"researchers",2
"dactyls",2
"limbs",2
"specimen",2
"probably",2
"form",2
"trauma",2
"determine",2
"presence",2
"features",2
"option",2
"subsequent",2
"variety",2
"measure",2
"eastern",2
"dicom",2
"username",2
"external",2
"shoulder",2
"mri",2
"postgraduate",2
"shortcourse",2
"muscles",2
"physical",2
"neotropical",2
"marsupials",2
"didelphids",2
"endocranial",2
"early",2
"obtained",2
"cts",2
"diversity",2
"relationships",2
"detailed",2
"distinct",2
"idea",2
"training",2
"tools",2
"otoliths",2
"lumbar",2
"spine",2
"modern",2
"march",2
"torso",2
"focused",2
"assistant",2
"maga",2
"capable",2
"develop",2
"chapter",2
"per",2
"participate",2
"introductory",2
"supervisor",2
"were",2
"timfeld",2
"semi-lms",2
"upload",2
"without",2
"jaw",2
"musculature",2
"relationship",2
"ecology",2
"generation",2
"including",2
"bit",2
"function",2
"participation",2
"feb",2
"pca",2
"become",2
"group",2
"gather",2
"average",2
"main",2
"teeth",2
"around",2
"cérebro",2
"zoology",2
"ufabc",2
"offered",2
"amphisbaenia",2
"institute",2
"elucidate",2
"hundreds",2
"libpng",2
"iccp",2
"icc",2
"screenshot",2
"user-attachments",2
"assets",2
"oct",2
"material",2
"samples",2
"pulmonary",2
"discovery",2
"remoting",2
"minnow",2
"uct",2
"anabantiform",1
"collecting",1
"said",1
"care",1
"leads",1
"alternate",1
"modularity",1
"vary",1
"males",1
"females",1
"nninteractive",1
"cannot",1
"server",1
"stag",1
"beetle",1
"southwestern",1
"scientist",1
"oxygenators",1
"devices",1
"components",1
"device",1
"selecting",1
"macbook",1
"pro",1
"tested",1
"utilizing",1
"hosted",1
"apptainer",1
"latter",1
"accommodate",1
"high-memory",1
"user",1
"laggy",1
"improve",1
"superior",1
"instead",1
"tigriopus",1
"cuticular",1
"width",1
"hypoxia",1
"stacks",1
"attended",1
"morpholog",1
"allows",1
"instructor",1
"easily",1
"free",1
"public",1
"infrastructure",1
"provided",1
"nsf",1
"choose",1
"deploy",1
"setting",1
"git-based",1
"distributed",1
"specific",1
"multi-user",1
"assignment",1
"post-doc",1
"post-phd",1
"special",1
"semilandmarking",1
"technique",1
"developed",1
"instace",1
"custom",1
"downloaded",1
"externally",1
"genotype-to-phenotype",1
"mapping",1
"non-ratite",1
"rails",1
"ducks",1
"grebes",1
"parrots",1
"cormorants",1
"identifying",1
"regions",1
"evolve",1
"correlation",1
"associated",1
"reduced",1
"sternum",1
"wrong",1
"flavor",1
"picked",1
"insubria",1
"geology",1
"universidad",1
"transitions",1
"evotem",1
"supervision",1
"hans",1
"püschel",1
"southern",1
"micro-computed",1
"tomography",1
"visualize",1
"high-quality",1
"local",1
"sufficient",1
"handle",1
"host",1
"containing",1
"personally",1
"identifiable",1
"protected",1
"health",1
"intermittently",1
"phases",1
"como",1
"don",1
"malpaca",1
"craniums",1
"specialist",1
"intraspecific",1
"carnivorans",1
"population",1
"mink",1
"implementing",1
"protocols",1
"slicerantspy",1
"necks",1
"instances",1
"malfunctioning",1
"slowed",1
"halt",1
"christopher",1
"version",1
"weheel",1
"hybrids",1
"incompatibilities",1
"populations",1
"visualizations",1
"brain",1
"heart",1
"fluctuating",1
"cichlids",1
"sides",1
"track",1
"proof",1
"concept",1
"library",1
"imaged",1
"inferences",1
"viewed",1
"scientific",1
"literature",1
"comparison",1
"method",1
"pressing",1
"plane",1
"reading",1
"tandem",1
"recent",1
"stevens",1
"zhang",1
"symmetry",1
"bot",1
"critical",1
"dimensions",1
"bear",1
"key",1
"understanding",1
"flowering",1
"innovative",1
"furthering",1
"school",1
"began",1
"pictures",1
"thru",1
"address",1
"discovered",1
"bump",1
"launches",1
"worked",1
"summer",1
"involving",1
"longer",1
"campus",1
"edit",1
"touch",1
"finalize",1
"presentation",1
"hilmar",1
"compared",1
"digitization",1
"against",1
"efficiency",1
"qt-based",1
"aws",1
"launched",1
"successfully",1
"too",1
"slow",1
"rotations",1
"basic",1
"lagged",1
"seconds",1
"collaborator",1
"fillion-robin",1
"showmethebrain",1
"provides",1
"smoother",1
"interactive",1
"computationally",1
"expensive",1
"procedures",1
"larger",1
"even",1
"reducing",1
"file",1
"keep",1
"less",1
"intensive",1
"mentored",1
"bodies",1
"mentorship",1
"armored",1
"sculpins",1
"certain",1
"conditions",1
"clound",1
"shelved",1
"hackathon",1
"allocation",1
"time",1
"protocol",1
"collaborative",1
"align",1
"place",1
"semi",1
"appropriate",1
"video",1
"card",1
"render",1
"behavior",1
"investigates",1
"toad",1
"larvae",1
"larval",1
"morphotypes",1
"musculoskeletal",1
"pipelines",1
"sample",1
"allow",1
"once",1
"becomes",1
"users",1
"lamnid",1
"manager",1
"moment",1
"usefulness",1
"future",1
"animals",1
"sam",1
"masking",1
"repository",1
"found",1
"oothomas",1
"sam_masking",1
"affiliated",1
"amphisbaenians",1
"manus",1
"pes",1
"digits",1
"hominids",1
"approximately",1
"articulated",1
"hands",1
"feet",1
"systematically",1
"segmented",1
"converted",1
"easiest",1
"accomplish",1
"gastropod",1
"scheduled",1
"collected",1
"trait",1
"measurements",1
"thickness",1
"ornamentation",1
"index",1
"aperture",1
"undergrduate",1
"insect",1
"adjust",1
"blender",1
"building",1
"whole-body",1
"vertebral",1
"strikes",1
"print",1
"octagonal",1
"hexagonal",1
"rings",1
"taft",1
"running",1
"dense",1
"decal",1
"markmybird",1
"etsu",1
"land",1
"marking",1
"complexity",1
"kelp",1
"engineer",1
"helping",1
"familiarize",1
"myself",1
"professional",1
"reasons",1
"walking",1
"tried",1
"isolate",1
"albertson",1
"amherst",1
"tissues",1
"cichlid",1
"high",1
"lot",1
"certainly",1
"carbon-based",1
"totally",1
"world",1
"going",1
"show",1
"scrap",1
"bin",1
"lineage",1
"anaptomorphine",1
"describing",1
"sensory",1
"_tetonius_",1
"surfaces",1
"demonstrating",1
"applicability",1
"forensic",1
"anthropology",1
"casework",1
"resulting",1
"values",1
"fau",1
"minimum",1
"simply",1
"set-up",1
"docker",1
"provisioned",1
"differently",1
"forcipulate",1
"ranges",1
"printing",1
"flume",1
"trials",1
"peoples",1
"percent",1
"cross-sectional",1
"percentage",1
"section",1
"damaged",1
"cercopithecids",1
"principal",1
"apologies",1
"late",1
"somehow",1
"didn",1
"deadline",1
"completely",1
"responsibility",1
"signed",1
"spring",1
"thoracic",1
"reconstrcut",1
"already",1
"performed",1
"studant",1
"algarve",1
"date",1
"assist",1
"freely",1
"begin",1
"modelling",1
"parameters",1
"account",1
"department",1
"elbow",1
"surgery",1
"eth",1
"pathologies",1
"gain",1
"insights",1
"underlying",1
"pathoanatomy",1
"pathomechanisms",1
"optimize",1
"treatment",1
"concepts",1
"support",1
"precise",1
"three-dimensional",1
"anaylsis",1
"lungs",1
"best",1
"mikel",1
"humans",1
"labyrinth",1
"often",1
"number",1
"although",1
"unc",1
"arg",1
"ancient",1
"mitochondrial",1
"coi",1
"gene",1
"sequences",1
"traditional",1
"radiograph-enabled",1
"meristics",1
"_amphilius_",1
"country",1
"reconstructions",1
"investigate",1
"recognized",1
"described",1
"similarities",1
"genetically",1
"representing",1
"lineages",1
"thought",1
"good",1
"practicing",1
"home",1
"senior",1
"del",1
"desire",1
"polish",1
"steps",1
"preparing",1
"every",1
"april",1
"post-doctoral",1
"paleontology",1
"precisely",1
"caviomorph",1
"rodentia",1
"mid-miocene",1
"completing",1
"_homo",1
"sapiens_and",1
"neanderthals",1
"stl",1
"accurately",1
"hoping",1
"gastropods",1
"effect",1
"turtle",1
"pollution",1
"invasive",1
"live",1
"turtles",1
"follow",1
"das",1
"ufpe",1
"advisor",1
"fifth",1
"semester",1
"basics",1
"managing",1
"editing",1
"digitizing",1
"essencial",1
"paper",1
"hopefully",1
"genus",1
"results",1
"smaller",1
"match",1
"notice",1
"difference",1
"beneficial",1
"forward",1
"junior",1
"pilot",1
"perform",1
"preliminary",1
"quantified",1
"nature",1
"underlies",1
"extreme",1
"ecological",1
"widespread",1
"radiation",1
"songbirds",1
"superfamily",1
"emberizoidea",1
"excited",1
"hear",1
"launch",1
"on-demand",1
"additionally",1
"ask",1
"pre-processing",1
"photos",1
"submission",1
"outlined",1
"odm",1
"instructions",1
"document",1
"submitted",1
"link",1
"regis",1
"edu",1
"diving",1
"cervical",1
"broken",1
"mirror",1
"install",1
"package",1
"fix",1
"days",1
"co-located",1
"julian",1
"scri",1
"collaboratively",1
"phenotyping",1
"knockout",1
"checking",1
"extensions",1
"added",1
"application-specific",1
"networks",1
"rgl",1
"functionality",1
"synchrotron",1
"lower",1
"automating",1
"speciments",1
"flow",1
"mesh",1
"slice",1
"automate",1
"enable",1
"minutes",1
"tooling",1
"johntrue",1
"releases",1
"ct_image_analysis---_",1
"cities",1
"ford",1
"morphologies",1
"mormyrid",1
"assessments",1
"unable",1
"started",1
"faculty",1
"member",1
"reconstructing",1
"dice-ct",1
"phylogeny",1
"participants",1
"elasmobranch",1
"joints",1
"mako",1
"engage",1
"paricipating",1
"advanced",1
"semi-landmark",1
"templates",1
"automation",1
"pseudo-landmark",1
"abble",1
"mandibular",1
"ontgeny",1
"hominins",1
"specialization",1
"tongue-related",1
"muscle",1
"palate",1
"introduction",1
"assess",1
"visibility",1
"play",1
"types",1
"digitizations",1
"micro-cts",1
"examine",1
"morphologically",1
"held",1
"electric",1
"amazonian",1
"eels",1
"knifefishes",1
"considered",1
"pseudocryptic",1
"means",1
"look",1
"almost",1
"identical",1
"outside",1
"characters",1
"differentiate",1
"followed",1
"squares",1
"remove",1
"non-shape",1
"multivariate",1
"statistical",1
"platyrrhine",1
"taught",1
"throughout",1
"much",1
"advance",1
"permanent",1
"dentiton",1
"prehispanic",1
"historic",1
"groups",1
"parallel",1
"anabant",1
"gouramis",1
"snakeheads",1
"collection",1
"grant",1
"well-versed",1
"session",1
"objective",1
"endocast",1
"notosuchians",1
"clade",1
"crocodylomorphs",1
"relied",1
"cyberinstructure",1
"supported",1
"grants",1
"dbi",1
"oac",1
"nichd",1
"gmm",1
"exploring",1
"step",1
"complex",1
"involves",1
"petrous",1
"biodistance",1
"otters",1
"murat",1
"candidato",1
"doutorado",1
"grosso",1
"trabalhando",1
"morfometria",1
"abelhas",1
"tetragonisca",1
"gostaria",1
"usar",1
"analisar",1
"corpos",1
"cogumelares",1
"tucumán",1
"mpeg",1
"reptiles",1
"amphibians",1
"acquired",1
"scanner",1
"generating",1
"specializing",1
"taxonomy",1
"implement",1
"four",1
"blindsnakes",1
"threadsnakes",1
"wormsnakes",1
"unesp",1
"loricarinae",1
"subfamily",1
"concerns",1
"locomotor",1
"posture",1
"crocodyliforms",1
"comparing",1
"upcoming",1
"mine",1
"topotype",1
"hoplisoma",1
"toothed",1
"whales",1
"xyz",1
"vertebrates",1
"administered",1
"são",1
"includes",1
"bat",1
"penises",1
"interspecific",1
"penile",1
"bacullum",1
"bats",1
"msc",1
"oceanographic",1
"knowledge",1
"wood",1
"blocks",1
"submerged",1
"santos",1
"basin",1
"format",1
"termite",1
"guts",1
"squirrel",1
"instructed",1
"submit",1
"rodent",1
"complexes",1
"accessed",1
"ctscans",1
"sudent",1
"paleobotany",1
"fruits",1
"tribe",1
"long",1
"nanoct",1
"joint",1
"history",1
"sharks",1
"confocal",1
"pollen",1
"grains",1
"anabantarian",1
"remodeling",1
"looks",1
"sesamoid",1
"asd",1
"newt",1
"osteology",1
"ontogenetic",1
"ply",1
"task",1
"computational",1
"owen",1
"past",1
"weeks",1
"series",1
"errors",1
"apr",1
"amd",1
"win",1
"cmyk",1
"invalid",1
"incorrect",1
"srgb",1
"whole",1
"gets",1
"compressed",1
"squishing",1
"pics",1
"attached",1
"c---bb",1
"d---d",1
"ucl",1
"angiogenesis",1
"chick",1
"chorioallantoic",1
"membrane",1
"cam",1
"sclicermorph",1
"download",1
"atlas",1
"online",1
"interactivity",1
"demonstration",1
"possible",1
"alternative",1
"desktop",1
"simulates",1
"multicellular",1
"agent",1
"stem",1
"archosaurs",1
"collaborators",1
"modified",1
"invading",1
"diverticula",1
"influenced",1
"because",1
"digitize",1
"preparation",1
"showing",1
"trialing",1
"rendering",1
"relatively",1
"small-screen",1
"monday",1
"trial",1
"dmeo",1
"matlab",1
"refine",1
"correspondences",1
"rww",1
"environment",1
"slicereditor",1
"incompatible",1
"spp",1
"particularly",1
"cardiovascular",1
"developmental",1
"defects",1
"fur",1
"following",1
"ecolution",1
"devising",1
"ucd",1
"x-ray",1
"conference",1
"love",1
"additional",1
"threespine",1
"stickleback",1
"side",1
"wuold",1
"resesarch",1
